name,color,speed_px_per_sec,contrast,mean_luminance,spatial_frequency_cpp,diagonal_inch,visual_radius_deg,trial_index,distance_m_tested,cpd_inv_tested,test_interval,observer_response,correct,quest_estimate_cpd_inv,quest_estimate_m,quest_sd_cpd_inv,retinal_spatial_freq_cpd,temporal_freq_hz
YanchengCai,rg,75,0.14,50,0.2,27,2.0,0,1.7,-2.9501,1,1,1,-3.00843,1.8049,0.24216,25.6749,15.0
YanchengCai,rg,75,0.14,50,0.2,27,2.0,1,1.7,-2.9501,1,1,1,-3.05984,1.9007,0.22631,25.6749,15.0
YanchengCai,rg,75,0.14,50,0.2,27,2.0,2,1.7,-2.9501,2,2,1,-3.10181,1.9812,0.20635,25.6749,15.0
YanchengCai,rg,75,0.14,50,0.2,27,2.0,3,1.9815,-3.10193,2,2,1,-3.14357,2.0636,0.19063,29.8468,15.0
YanchengCai,rg,75,0.14,50,0.2,27,2.0,4,1.9815,-3.10193,2,2,1,-3.17879,2.1347,0.17254,29.8468,15.0
YanchengCai,rg,75,0.14,50,0.2,27,2.0,5,1.9815,-3.10193,2,2,1,-3.20722,2.1932,0.15431,29.8468,15.0
YanchengCai,rg,75,0.14,50,0.2,27,2.0,6,2.2077,-3.21421,2,2,1,-3.23328,2.2477,0.14103,33.2065,15.0
YanchengCai,rg,75,0.14,50,0.2,27,2.0,7,2.2077,-3.21421,2,2,1,-3.25562,2.2952,0.12761,33.2065,15.0
YanchengCai,rg,75,0.14,50,0.2,27,2.0,8,2.2077,-3.21421,2,2,1,-3.27431,2.3354,0.11482,33.2065,15.0
YanchengCai,rg,75,0.14,50,0.2,27,2.0,9,2.3578,-3.28464,2,2,1,-3.29023,2.37,0.105,35.4375,15.0
YanchengCai,rg,75,0.14,50,0.2,27,2.0,10,2.3578,-3.28464,1,1,1,-3.30401,2.4002,0.09563,35.4375,15.0
YanchengCai,rg,75,0.14,50,0.2,27,2.0,11,2.3578,-3.28464,1,2,0,-3.25913,2.3027,0.11247,35.4375,15.0
YanchengCai,rg,75,0.14,50,0.2,27,2.0,12,2.3178,-3.26616,1,1,1,-3.27457,2.336,0.10378,34.8426,15.0
YanchengCai,rg,75,0.14,50,0.2,27,2.0,13,2.3178,-3.26616,1,1,1,-3.2882,2.3656,0.09549,34.8426,15.0
YanchengCai,rg,75,0.14,50,0.2,27,2.0,14,2.3178,-3.26616,2,2,1,-3.30012,2.3917,0.08776,34.8426,15.0
YanchengCai,rg,75,0.14,50,0.2,27,2.0,15,2.408,-3.30756,2,1,0,-3.26963,2.3253,0.09809,36.1847,15.0
YanchengCai,rg,75,0.14,50,0.2,27,2.0,16,2.408,-3.30756,2,1,0,-3.23968,2.2613,0.10618,36.1847,15.0
YanchengCai,rg,75,0.14,50,0.2,27,2.0,17,2.408,-3.30756,2,1,0,-3.21191,2.2029,0.11283,36.1847,15.0
YanchengCai,rg,75,0.14,50,0.2,27,2.0,18,2.217,-3.21863,1,1,1,-3.22721,2.235,0.10421,33.3436,15.0
YanchengCai,rg,75,0.14,50,0.2,27,2.0,19,2.217,-3.21863,1,1,1,-3.24078,2.2636,0.09624,33.3436,15.0
YanchengCai,rg,75,0.14,50,0.2,27,2.0,20,2.217,-3.21863,1,1,1,-3.25275,2.2891,0.08905,33.3436,15.0
YanchengCai,rg,75,0.14,50,0.2,27,2.0,21,2.2969,-3.25644,2,2,1,-3.26335,2.3118,0.08353,34.5326,15.0
YanchengCai,rg,75,0.14,50,0.2,27,2.0,22,2.2969,-3.25644,1,1,1,-3.27299,2.3325,0.07849,34.5326,15.0
YanchengCai,rg,75,0.14,50,0.2,27,2.0,23,2.2969,-3.25644,1,1,1,-3.28173,2.3515,0.07393,34.5326,15.0
YanchengCai,rg,75,0.14,50,0.2,27,2.0,24,2.3566,-3.28407,1,1,1,-3.28968,2.3688,0.07012,35.4191,15.0
YanchengCai,rg,75,0.14,50,0.2,27,2.0,25,2.3566,-3.28407,2,2,1,-3.29699,2.3848,0.06663,35.4191,15.0
YanchengCai,rg,75,0.14,50,0.2,27,2.0,26,2.3566,-3.28407,1,1,1,-3.30371,2.3996,0.06345,35.4191,15.0
YanchengCai,rg,75,0.14,50,0.2,27,2.0,27,2.4038,-3.30562,2,2,1,-3.30987,2.4131,0.06082,36.1209,15.0
YanchengCai,rg,75,0.14,50,0.2,27,2.0,28,2.4038,-3.30562,1,2,0,-3.29214,2.3742,0.0647,36.1209,15.0
YanchengCai,rg,75,0.14,50,0.2,27,2.0,29,2.4038,-3.30562,1,1,1,-3.29844,2.388,0.06217,36.1209,15.0
YanchengCai,ach,180,0.9,50,0.25,27,2.0,0,1.15,-2.8006,2,2,1,-2.86379,1.233,0.25786,21.9662,45.0
YanchengCai,ach,180,0.9,50,0.25,27,2.0,1,1.15,-2.8006,2,2,1,-2.91915,1.3087,0.24026,21.9662,45.0
YanchengCai,ach,180,0.9,50,0.25,27,2.0,2,1.15,-2.8006,1,1,1,-2.96387,1.3718,0.21829,21.9662,45.0
YanchengCai,ach,180,0.9,50,0.25,27,2.0,3,1.3706,-2.96306,2,1,0,-2.80846,1.1601,0.20359,26.0148,45.0
YanchengCai,ach,180,0.9,50,0.25,27,2.0,4,1.3706,-2.96306,2,2,1,-2.84616,1.2095,0.20148,26.0148,45.0
YanchengCai,ach,180,0.9,50,0.25,27,2.0,5,1.3706,-2.96306,2,2,1,-2.88453,1.261,0.19602,26.0148,45.0
YanchengCai,ach,180,0.9,50,0.25,27,2.0,6,1.2716,-2.89228,2,1,0,-2.7599,1.0983,0.18766,24.1947,45.0
YanchengCai,ach,180,0.9,50,0.25,27,2.0,7,1.2716,-2.89228,2,1,0,-2.69203,1.0153,0.17683,24.1947,45.0
YanchengCai,ach,180,0.9,50,0.25,27,2.0,8,1.2716,-2.89228,1,1,1,-2.71909,1.0479,0.17675,24.1947,45.0
YanchengCai,ach,180,0.9,50,0.25,27,2.0,9,1.0506,-2.72128,2,2,1,-2.75465,1.0918,0.16606,20.152,45.0
YanchengCai,ach,180,0.9,50,0.25,27,2.0,10,1.0506,-2.72128,1,1,1,-2.78522,1.1303,0.1526,20.152,45.0
YanchengCai,ach,180,0.9,50,0.25,27,2.0,11,1.0506,-2.72128,1,1,1,-2.81034,1.1626,0.13831,20.152,45.0
YanchengCai,ach,180,0.9,50,0.25,27,2.0,12,1.1775,-2.8218,1,1,1,-2.83251,1.1915,0.12803,22.4688,45.0
YanchengCai,ach,180,0.9,50,0.25,27,2.0,13,1.1775,-2.8218,1,1,1,-2.8518,1.217,0.11785,22.4688,45.0
YanchengCai,ach,180,0.9,50,0.25,27,2.0,14,1.1775,-2.8218,1,2,0,-2.78583,1.1311,0.13048,22.4688,45.0
YanchengCai,ach,180,0.9,50,0.25,27,2.0,15,1.1477,-2.79879,1,1,1,-2.80603,1.157,0.12065,21.9235,45.0
YanchengCai,ach,180,0.9,50,0.25,27,2.0,16,1.1477,-2.79879,2,2,1,-2.82364,1.1799,0.11094,21.9235,45.0
YanchengCai,ach,180,0.9,50,0.25,27,2.0,17,1.1477,-2.79879,2,2,1,-2.8388,1.1998,0.10185,21.9235,45.0
YanchengCai,ach,180,0.9,50,0.25,27,2.0,18,1.2079,-2.84494,1,1,1,-2.85197,1.2172,0.09488,23.0261,45.0
YanchengCai,ach,180,0.9,50,0.25,27,2.0,19,1.2079,-2.84494,1,1,1,-2.8637,1.2329,0.08863,23.0261,45.0
YanchengCai,ach,180,0.9,50,0.25,27,2.0,20,1.2079,-2.84494,2,2,1,-2.87416,1.247,0.08318,23.0261,45.0
YanchengCai,ach,180,0.9,50,0.25,27,2.0,21,1.2486,-2.87533,2,2,1,-2.88369,1.2599,0.07916,23.7719,45.0
YanchengCai,ach,180,0.9,50,0.25,27,2.0,22,1.2486,-2.87533,1,1,1,-2.8925,1.2719,0.07574,23.7719,45.0
YanchengCai,ach,180,0.9,50,0.25,27,2.0,23,1.2486,-2.87533,2,2,1,-2.90066,1.2831,0.07288,23.7719,45.0
YanchengCai,ach,180,0.9,50,0.25,27,2.0,24,1.2807,-2.8989,1,1,1,-2.90846,1.2938,0.07105,24.3614,45.0
YanchengCai,ach,180,0.9,50,0.25,27,2.0,25,1.2807,-2.8989,1,2,0,-2.8842,1.2606,0.0703,24.3614,45.0
YanchengCai,ach,180,0.9,50,0.25,27,2.0,26,1.2807,-2.8989,2,2,1,-2.89143,1.2705,0.06774,24.3614,45.0
YanchengCai,ach,180,0.9,50,0.25,27,2.0,27,1.2706,-2.89151,1,1,1,-2.89831,1.2799,0.06538,24.1755,45.0
YanchengCai,ach,180,0.9,50,0.25,27,2.0,28,1.2706,-2.89151,1,1,1,-2.90481,1.2888,0.06336,24.1755,45.0
YanchengCai,ach,180,0.9,50,0.25,27,2.0,29,1.2706,-2.89151,2,2,1,-2.91098,1.2973,0.06163,24.1755,45.0
YanchengCai,yv,600,0.92,50,0.05,27,2.0,0,1.5,-1.78419,1,1,1,-1.81589,1.5835,0.15537,5.6797,30.0
YanchengCai,yv,600,0.92,50,0.05,27,2.0,1,1.5,-1.78419,2,2,1,-1.84525,1.6633,0.1487,5.6797,30.0
YanchengCai,yv,600,0.92,50,0.05,27,2.0,2,1.5,-1.78419,2,1,0,-1.72804,1.359,0.13157,5.6797,30.0
YanchengCai,yv,600,0.92,50,0.05,27,2.0,3,1.3,-1.70348,1,1,1,-1.75027,1.4138,0.1307,4.9432,30.0
YanchengCai,yv,600,0.92,50,0.05,27,2.0,4,1.3,-1.70348,2,2,1,-1.77125,1.4667,0.12794,4.9432,30.0
YanchengCai,yv,600,0.92,50,0.05,27,2.0,5,1.3,-1.70348,2,2,1,-1.7904,1.5161,0.12379,4.9432,30.0
YanchengCai,yv,600,0.92,50,0.05,27,2.0,6,1.4906,-1.78056,2,2,1,-1.81082,1.5699,0.12082,5.6451,30.0
YanchengCai,yv,600,0.92,50,0.05,27,2.0,7,1.4906,-1.78056,1,1,1,-1.82983,1.6211,0.11679,5.6451,30.0
YanchengCai,yv,600,0.92,50,0.05,27,2.0,8,1.4906,-1.78056,1,1,1,-1.84714,1.6685,0.11209,5.6451,30.0
YanchengCai,yv,600,0.92,50,0.05,27,2.0,9,1.6489,-1.84003,2,2,1,-1.86436,1.7166,0.10863,6.2299,30.0
YanchengCai,yv,600,0.92,50,0.05,27,2.0,10,1.6489,-1.84003,1,1,1,-1.88044,1.7623,0.10468,6.2299,30.0
YanchengCai,yv,600,0.92,50,0.05,27,2.0,11,1.6489,-1.84003,1,1,1,-1.89523,1.805,0.10045,6.2299,30.0
YanchengCai,yv,600,0.92,50,0.05,27,2.0,12,1.7834,-1.88777,2,2,1,-1.90957,1.847,0.0969,6.7274,30.0
YanchengCai,yv,600,0.92,50,0.05,27,2.0,13,1.7834,-1.88777,2,1,0,-1.8599,1.7041,0.09466,6.7274,30.0
YanchengCai,yv,600,0.92,50,0.05,27,2.0,14,1.7834,-1.88777,2,1,0,-1.82499,1.6079,0.09249,6.7274,30.0
YanchengCai,yv,600,0.92,50,0.05,27,2.0,15,1.6087,-1.82525,1,1,1,-1.83727,1.6413,0.08888,6.0809,30.0
YanchengCai,yv,600,0.92,50,0.05,27,2.0,16,1.6087,-1.82525,1,1,1,-1.84864,1.6727,0.08528,6.0809,30.0
YanchengCai,yv,600,0.92,50,0.05,27,2.0,17,1.6087,-1.82525,1,1,1,-1.85912,1.7019,0.08181,6.0809,30.0
YanchengCai,yv,600,0.92,50,0.05,27,2.0,18,1.6982,-1.8578,2,2,1,-1.86901,1.7298,0.07905,6.4121,30.0
YanchengCai,yv,600,0.92,50,0.05,27,2.0,19,1.6982,-1.8578,2,2,1,-1.8783,1.7562,0.07644,6.4121,30.0
YanchengCai,yv,600,0.92,50,0.05,27,2.0,20,1.6982,-1.8578,2,1,0,-1.84639,1.6664,0.07677,6.4121,30.0
YanchengCai,yv,600,0.92,50,0.05,27,2.0,21,1.6677,-1.84685,1,1,1,-1.8552,1.6909,0.07394,6.2994,30.0
YanchengCai,yv,600,0.92,50,0.05,27,2.0,22,1.6677,-1.84685,1,1,1,-1.86345,1.7141,0.07129,6.2994,30.0
YanchengCai,yv,600,0.92,50,0.05,27,2.0,23,1.6677,-1.84685,1,1,1,-1.87116,1.7358,0.06885,6.2994,30.0
YanchengCai,yv,600,0.92,50,0.05,27,2.0,24,1.733,-1.87014,2,2,1,-1.87848,1.7567,0.06699,6.5407,30.0
YanchengCai,yv,600,0.92,50,0.05,27,2.0,25,1.733,-1.87014,2,2,1,-1.88548,1.7768,0.06528,6.5407,30.0
YanchengCai,yv,600,0.92,50,0.05,27,2.0,26,1.733,-1.87014,1,2,0,-1.86323,1.7134,0.06551,6.5407,30.0
YanchengCai,yv,600,0.92,50,0.05,27,2.0,27,1.7137,-1.86333,1,1,1,-1.86991,1.7323,0.06353,6.4695,30.0
YanchengCai,yv,600,0.92,50,0.05,27,2.0,28,1.7137,-1.86333,2,1,0,-1.8496,1.6753,0.065,6.4695,30.0
YanchengCai,yv,600,0.92,50,0.05,27,2.0,29,1.7137,-1.86333,1,2,0,-1.83133,1.6251,0.06722,6.4695,30.0
YanchengCai,ach,80,0.9,50,0.25,27,2.0,0,1.49,-3.04431,1,1,1,-3.1075,1.5872,0.25786,28.2141,20.0
YanchengCai,ach,80,0.9,50,0.25,27,2.0,1,1.49,-3.04431,1,1,1,-3.16285,1.6755,0.24026,28.2141,20.0
YanchengCai,ach,80,0.9,50,0.25,27,2.0,2,1.49,-3.04431,1,1,1,-3.20758,1.749,0.21829,28.2141,20.0
YanchengCai,ach,80,0.9,50,0.25,27,2.0,3,1.7477,-3.20676,1,1,1,-3.25224,1.8245,0.20124,32.9762,20.0
YanchengCai,ach,80,0.9,50,0.25,27,2.0,4,1.7477,-3.20676,2,2,1,-3.28969,1.8894,0.18164,32.9762,20.0
YanchengCai,ach,80,0.9,50,0.25,27,2.0,5,1.7477,-3.20676,2,2,1,-3.31967,1.9424,0.162,32.9762,20.0
YanchengCai,ach,80,0.9,50,0.25,27,2.0,6,1.9536,-3.32593,2,1,0,-3.2263,1.7805,0.17149,36.791,20.0
YanchengCai,ach,80,0.9,50,0.25,27,2.0,7,1.9536,-3.32593,1,1,1,-3.25428,1.828,0.16316,36.791,20.0
YanchengCai,ach,80,0.9,50,0.25,27,2.0,8,1.9536,-3.32593,2,1,0,-3.19022,1.7203,0.16762,36.791,20.0
YanchengCai,ach,80,0.9,50,0.25,27,2.0,9,1.7429,-3.20391,1,1,1,-3.21914,1.7684,0.15338,32.8882,20.0
YanchengCai,ach,80,0.9,50,0.25,27,2.0,10,1.7429,-3.20391,2,2,1,-3.24388,1.8103,0.13905,32.8882,20.0
YanchengCai,ach,80,0.9,50,0.25,27,2.0,11,1.7429,-3.20391,2,2,1,-3.26458,1.8458,0.1256,32.8882,20.0
YanchengCai,ach,80,0.9,50,0.25,27,2.0,12,1.8549,-3.26984,1,1,1,-3.28267,1.8771,0.11629,34.9608,20.0
YanchengCai,ach,80,0.9,50,0.25,27,2.0,13,1.8549,-3.26984,2,2,1,-3.29876,1.9053,0.10768,34.9608,20.0
YanchengCai,ach,80,0.9,50,0.25,27,2.0,14,1.8549,-3.26984,1,1,1,-3.313,1.9305,0.09995,34.9608,20.0
YanchengCai,ach,80,0.9,50,0.25,27,2.0,15,1.9313,-3.31341,1,1,1,-3.32594,1.9536,0.09426,36.3769,20.0
YanchengCai,ach,80,0.9,50,0.25,27,2.0,16,1.9313,-3.31341,2,2,1,-3.3378,1.9749,0.08914,36.3769,20.0
YanchengCai,ach,80,0.9,50,0.25,27,2.0,17,1.9313,-3.31341,2,1,0,-3.29781,1.9037,0.09399,36.3769,20.0
YanchengCai,ach,80,0.9,50,0.25,27,2.0,18,1.9076,-3.30003,1,2,0,-3.2628,1.8427,0.10156,35.938,20.0
YanchengCai,ach,80,0.9,50,0.25,27,2.0,19,1.9076,-3.30003,2,2,1,-3.27498,1.8638,0.09516,35.938,20.0
YanchengCai,ach,80,0.9,50,0.25,27,2.0,20,1.9076,-3.30003,1,1,1,-3.28623,1.8834,0.08931,35.938,20.0
YanchengCai,ach,80,0.9,50,0.25,27,2.0,21,1.8891,-3.28951,1,1,1,-3.29666,1.9016,0.08378,35.5954,20.0
YanchengCai,ach,80,0.9,50,0.25,27,2.0,22,1.8891,-3.28951,1,1,1,-3.30619,1.9185,0.0789,35.5954,20.0
YanchengCai,ach,80,0.9,50,0.25,27,2.0,23,1.8891,-3.28951,2,2,1,-3.31491,1.9339,0.07464,35.5954,20.0
YanchengCai,ach,80,0.9,50,0.25,27,2.0,24,1.9354,-3.31575,1,2,0,-3.28977,1.8896,0.07922,36.4541,20.0
YanchengCai,ach,80,0.9,50,0.25,27,2.0,25,1.9354,-3.31575,2,2,1,-3.29826,1.9045,0.07514,36.4541,20.0
YanchengCai,ach,80,0.9,50,0.25,27,2.0,26,1.9354,-3.31575,2,1,0,-3.27599,1.8655,0.08045,36.4541,20.0
YanchengCai,ach,80,0.9,50,0.25,27,2.0,27,1.872,-3.27975,2,2,1,-3.28469,1.8807,0.07553,35.2794,20.0
YanchengCai,ach,80,0.9,50,0.25,27,2.0,28,1.872,-3.27975,2,2,1,-3.29265,1.8946,0.07121,35.2794,20.0
YanchengCai,ach,80,0.9,50,0.25,27,2.0,29,1.872,-3.27975,1,2,0,-3.26861,1.8527,0.07768,35.2794,20.0
YanchengCai,rg,150,0.14,50,0.2,27,2.0,0,1.09,-2.55587,2,2,1,-2.6142,1.17,0.24216,16.6961,30.0
YanchengCai,rg,150,0.14,50,0.2,27,2.0,1,1.09,-2.55587,1,2,0,-2.48714,1.0,0.18885,16.6961,30.0
YanchengCai,rg,150,0.14,50,0.2,27,2.0,2,1.09,-2.55587,1,1,1,-2.48714,1.0,0.19846,16.6961,30.0
YanchengCai,rg,150,0.14,50,0.2,27,2.0,3,1.0,-2.48714,2,2,1,-2.48949,1.003,0.19955,15.3851,30.0
YanchengCai,rg,150,0.14,50,0.2,27,2.0,4,1.0,-2.48714,1,1,1,-2.52971,1.0552,0.19573,15.3851,30.0
YanchengCai,rg,150,0.14,50,0.2,27,2.0,5,1.0,-2.48714,1,1,1,-2.56601,1.1037,0.18825,15.3851,30.0
YanchengCai,rg,150,0.14,50,0.2,27,2.0,6,1.0833,-2.55089,2,2,1,-2.60138,1.1521,0.18256,16.5988,30.0
YanchengCai,rg,150,0.14,50,0.2,27,2.0,7,1.0833,-2.55089,1,1,1,-2.63311,1.1966,0.17501,16.5988,30.0
YanchengCai,rg,150,0.14,50,0.2,27,2.0,8,1.0833,-2.55089,2,2,1,-2.66068,1.2362,0.16673,16.5988,30.0
YanchengCai,rg,150,0.14,50,0.2,27,2.0,9,1.199,-2.6348,2,2,1,-2.68976,1.2787,0.16212,18.2912,30.0
YanchengCai,rg,150,0.14,50,0.2,27,2.0,10,1.199,-2.6348,2,1,0,-2.58108,1.1242,0.1377,18.2912,30.0
YanchengCai,rg,150,0.14,50,0.2,27,2.0,11,1.199,-2.6348,1,1,1,-2.6026,1.1538,0.13447,18.2912,30.0
YanchengCai,rg,150,0.14,50,0.2,27,2.0,12,1.1503,-2.60006,1,1,1,-2.62309,1.1825,0.12916,17.5772,30.0
YanchengCai,rg,150,0.14,50,0.2,27,2.0,13,1.1503,-2.60006,1,1,1,-2.64172,1.2089,0.12431,17.5772,30.0
YanchengCai,rg,150,0.14,50,0.2,27,2.0,14,1.1503,-2.60006,1,1,1,-2.65855,1.2331,0.12011,17.5772,30.0
YanchengCai,rg,150,0.14,50,0.2,27,2.0,15,1.2138,-2.64517,2,2,1,-2.67569,1.258,0.11876,18.5081,30.0
YanchengCai,rg,150,0.14,50,0.2,27,2.0,16,1.2138,-2.64517,1,1,1,-2.69213,1.2822,0.11769,18.5081,30.0
YanchengCai,rg,150,0.14,50,0.2,27,2.0,17,1.2138,-2.64517,2,2,1,-2.70782,1.3056,0.11677,18.5081,30.0
YanchengCai,rg,150,0.14,50,0.2,27,2.0,18,1.2705,-2.68423,2,2,1,-2.7247,1.331,0.11744,19.3401,30.0
YanchengCai,rg,150,0.14,50,0.2,27,2.0,19,1.2705,-2.68423,2,2,1,-2.74132,1.3563,0.1177,19.3401,30.0
YanchengCai,rg,150,0.14,50,0.2,27,2.0,20,1.2705,-2.68423,1,1,1,-2.75746,1.3811,0.11742,19.3401,30.0
YanchengCai,rg,150,0.14,50,0.2,27,2.0,21,1.3341,-2.72677,2,2,1,-2.77524,1.4089,0.11771,20.2744,30.0
YanchengCai,rg,150,0.14,50,0.2,27,2.0,22,1.3341,-2.72677,2,1,0,-2.70421,1.3002,0.09128,20.2744,30.0
YanchengCai,rg,150,0.14,50,0.2,27,2.0,23,1.3341,-2.72677,2,2,1,-2.71624,1.3182,0.09239,20.2744,30.0
YanchengCai,rg,150,0.14,50,0.2,27,2.0,24,1.2967,-2.70188,1,1,1,-2.72817,1.3362,0.09297,19.7242,30.0
YanchengCai,rg,150,0.14,50,0.2,27,2.0,25,1.2967,-2.70188,1,1,1,-2.74005,1.3543,0.09349,19.7242,30.0
YanchengCai,rg,150,0.14,50,0.2,27,2.0,26,1.2967,-2.70188,1,2,0,-2.6954,1.2871,0.07718,19.7242,30.0
YanchengCai,rg,150,0.14,50,0.2,27,2.0,27,1.2776,-2.68901,1,1,1,-2.70419,1.3001,0.07636,19.4436,30.0
YanchengCai,rg,150,0.14,50,0.2,27,2.0,28,1.2776,-2.68901,2,2,1,-2.71274,1.3129,0.07574,19.4436,30.0
YanchengCai,rg,150,0.14,50,0.2,27,2.0,29,1.2776,-2.68901,2,2,1,-2.72108,1.3255,0.07528,19.4436,30.0
YanchengCai,ach,40,0.9,50,0.25,27,2.0,0,1.71,-3.18399,2,2,1,-3.24718,1.8159,0.25786,32.2787,10.0
YanchengCai,ach,40,0.9,50,0.25,27,2.0,1,1.71,-3.18399,1,1,1,-3.30253,1.912,0.24026,32.2787,10.0
YanchengCai,ach,40,0.9,50,0.25,27,2.0,2,1.71,-3.18399,2,2,1,-3.34726,1.992,0.21829,32.2787,10.0
YanchengCai,ach,40,0.9,50,0.25,27,2.0,3,1.9905,-3.34644,2,2,1,-3.39192,2.074,0.20124,37.4758,10.0
YanchengCai,ach,40,0.9,50,0.25,27,2.0,4,1.9905,-3.34644,1,2,0,-3.22955,1.7859,0.20148,37.4758,10.0
YanchengCai,ach,40,0.9,50,0.25,27,2.0,5,1.9905,-3.34644,1,1,1,-3.26792,1.8515,0.19602,37.4758,10.0
YanchengCai,ach,40,0.9,50,0.25,27,2.0,6,1.8649,-3.27567,1,1,1,-3.30566,1.9175,0.1824,35.1479,10.0
YanchengCai,ach,40,0.9,50,0.25,27,2.0,7,1.8649,-3.27567,1,1,1,-3.33788,1.975,0.16732,35.1479,10.0
YanchengCai,ach,40,0.9,50,0.25,27,2.0,8,1.8649,-3.27567,1,1,1,-3.36444,2.0233,0.15256,35.1479,10.0
YanchengCai,ach,40,0.9,50,0.25,27,2.0,9,2.0189,-3.36207,2,2,1,-3.38939,2.0693,0.14333,38.0033,10.0
YanchengCai,ach,40,0.9,50,0.25,27,2.0,10,2.0189,-3.36207,2,1,0,-3.30607,1.9182,0.14494,38.0033,10.0
YanchengCai,ach,40,0.9,50,0.25,27,2.0,11,2.0189,-3.36207,2,2,1,-3.3279,1.9571,0.13625,38.0033,10.0
YanchengCai,ach,40,0.9,50,0.25,27,2.0,12,1.9708,-3.33551,2,2,1,-3.3483,1.9939,0.12614,37.1096,10.0
YanchengCai,ach,40,0.9,50,0.25,27,2.0,13,1.9708,-3.33551,2,2,1,-3.36623,2.0266,0.11689,37.1096,10.0
YanchengCai,ach,40,0.9,50,0.25,27,2.0,14,1.9708,-3.33551,1,1,1,-3.38192,2.0554,0.1088,37.1096,10.0
YanchengCai,ach,40,0.9,50,0.25,27,2.0,15,2.0517,-3.37992,2,2,1,-3.3965,2.0825,0.10377,38.6116,10.0
YanchengCai,ach,40,0.9,50,0.25,27,2.0,16,2.0517,-3.37992,1,1,1,-3.41007,2.1079,0.09952,38.6116,10.0
YanchengCai,ach,40,0.9,50,0.25,27,2.0,17,2.0517,-3.37992,2,2,1,-3.42269,2.1317,0.09599,38.6116,10.0
YanchengCai,ach,40,0.9,50,0.25,27,2.0,18,2.116,-3.41437,1,1,1,-3.43512,2.1553,0.09398,39.8043,10.0
YanchengCai,ach,40,0.9,50,0.25,27,2.0,19,2.116,-3.41437,2,2,1,-3.44708,2.1782,0.09232,39.8043,10.0
YanchengCai,ach,40,0.9,50,0.25,27,2.0,20,2.116,-3.41437,1,1,1,-3.45857,2.2003,0.09091,39.8043,10.0
YanchengCai,ach,40,0.9,50,0.25,27,2.0,21,2.175,-3.44539,2,2,1,-3.4704,2.2233,0.09036,40.8994,10.0
YanchengCai,ach,40,0.9,50,0.25,27,2.0,22,2.175,-3.44539,2,2,1,-3.48201,2.2459,0.08972,40.8994,10.0
YanchengCai,ach,40,0.9,50,0.25,27,2.0,23,2.175,-3.44539,1,2,0,-3.4372,2.1593,0.07818,40.8994,10.0
YanchengCai,ach,40,0.9,50,0.25,27,2.0,24,2.148,-3.4313,2,2,1,-3.44624,2.1766,0.07711,40.3997,10.0
YanchengCai,ach,40,0.9,50,0.25,27,2.0,25,2.148,-3.4313,1,2,0,-3.41674,2.1205,0.0724,40.3997,10.0
YanchengCai,ach,40,0.9,50,0.25,27,2.0,26,2.148,-3.4313,1,1,1,-3.4245,2.1351,0.07055,40.3997,10.0
YanchengCai,ach,40,0.9,50,0.25,27,2.0,27,2.1306,-3.42213,2,1,0,-3.40127,2.0914,0.0707,40.0765,10.0
YanchengCai,ach,40,0.9,50,0.25,27,2.0,28,2.1306,-3.42213,1,1,1,-3.40851,2.105,0.06818,40.0765,10.0
YanchengCai,ach,40,0.9,50,0.25,27,2.0,29,2.1306,-3.42213,1,1,1,-3.41543,2.118,0.06599,40.0765,10.0
YanchengCai,yv,400,0.92,50,0.05,27,2.0,0,2.14,-2.00416,2,1,0,-1.90434,1.8316,0.12227,8.05,20.0
YanchengCai,yv,400,0.92,50,0.05,27,2.0,1,2.14,-2.00416,1,1,1,-1.92526,1.8937,0.12768,8.05,20.0
YanchengCai,yv,400,0.92,50,0.05,27,2.0,2,2.14,-2.00416,2,1,0,-1.87675,1.7518,0.10342,8.05,20.0
YanchengCai,yv,400,0.92,50,0.05,27,2.0,3,1.6817,-1.85189,1,1,1,-1.89189,1.7953,0.10455,6.351,20.0
YanchengCai,yv,400,0.92,50,0.05,27,2.0,4,1.6817,-1.85189,2,2,1,-1.90682,1.8389,0.1045,6.351,20.0
YanchengCai,yv,400,0.92,50,0.05,27,2.0,5,1.6817,-1.85189,1,1,1,-1.92118,1.8815,0.10337,6.351,20.0
YanchengCai,yv,400,0.92,50,0.05,27,2.0,6,1.8445,-1.90872,1,1,1,-1.93648,1.9276,0.10234,6.9539,20.0
YanchengCai,yv,400,0.92,50,0.05,27,2.0,7,1.8445,-1.90872,1,1,1,-1.95107,1.9721,0.10041,6.9539,20.0
YanchengCai,yv,400,0.92,50,0.05,27,2.0,8,1.8445,-1.90872,1,1,1,-1.96469,2.0144,0.0978,6.9539,20.0
YanchengCai,yv,400,0.92,50,0.05,27,2.0,9,1.9969,-1.95908,2,1,0,-1.91867,1.874,0.09024,7.519,20.0
YanchengCai,yv,400,0.92,50,0.05,27,2.0,10,1.9969,-1.95908,2,2,1,-1.931,1.911,0.08948,7.519,20.0
YanchengCai,yv,400,0.92,50,0.05,27,2.0,11,1.9969,-1.95908,2,2,1,-1.94312,1.9478,0.08818,7.519,20.0
YanchengCai,yv,400,0.92,50,0.05,27,2.0,12,1.9384,-1.94003,1,1,1,-1.95483,1.9838,0.08627,7.3018,20.0
YanchengCai,yv,400,0.92,50,0.05,27,2.0,13,1.9384,-1.94003,2,2,1,-1.96596,2.0183,0.08403,7.3018,20.0
YanchengCai,yv,400,0.92,50,0.05,27,2.0,14,1.9384,-1.94003,2,2,1,-1.97641,2.0512,0.0816,7.3018,20.0
YanchengCai,yv,400,0.92,50,0.05,27,2.0,15,2.046,-1.97477,1,1,1,-1.98644,2.083,0.07958,7.701,20.0
YanchengCai,yv,400,0.92,50,0.05,27,2.0,16,2.046,-1.97477,2,2,1,-1.99594,2.1134,0.07753,7.701,20.0
YanchengCai,yv,400,0.92,50,0.05,27,2.0,17,2.046,-1.97477,2,2,1,-2.00489,2.1424,0.07551,7.701,20.0
YanchengCai,yv,400,0.92,50,0.05,27,2.0,18,2.1346,-2.0025,2,2,1,-2.01357,2.1707,0.07406,8.0301,20.0
YanchengCai,yv,400,0.92,50,0.05,27,2.0,19,2.1346,-2.0025,2,2,1,-2.02189,2.198,0.0727,8.0301,20.0
YanchengCai,yv,400,0.92,50,0.05,27,2.0,20,2.1346,-2.0025,1,2,0,-1.99411,2.1075,0.07008,8.0301,20.0
YanchengCai,yv,400,0.92,50,0.05,27,2.0,21,2.1061,-1.99367,1,1,1,-2.00173,2.1321,0.06825,7.9243,20.0
YanchengCai,yv,400,0.92,50,0.05,27,2.0,22,2.1061,-1.99367,1,1,1,-2.00898,2.1557,0.06649,7.9243,20.0
YanchengCai,yv,400,0.92,50,0.05,27,2.0,23,2.1061,-1.99367,1,1,1,-2.01586,2.1782,0.06484,7.9243,20.0
YanchengCai,yv,400,0.92,50,0.05,27,2.0,24,2.174,-2.01458,1,1,1,-2.02248,2.2,0.06354,8.1762,20.0
YanchengCai,yv,400,0.92,50,0.05,27,2.0,25,2.174,-2.01458,1,1,1,-2.02885,2.2211,0.06236,8.1762,20.0
YanchengCai,yv,400,0.92,50,0.05,27,2.0,26,2.174,-2.01458,2,2,1,-2.03499,2.2415,0.06129,8.1762,20.0
YanchengCai,yv,400,0.92,50,0.05,27,2.0,27,2.2338,-2.03267,1,1,1,-2.04098,2.2616,0.06057,8.3984,20.0
YanchengCai,yv,400,0.92,50,0.05,27,2.0,28,2.2338,-2.03267,2,2,1,-2.04684,2.2814,0.05997,8.3984,20.0
YanchengCai,yv,400,0.92,50,0.05,27,2.0,29,2.2338,-2.03267,2,2,1,-2.05257,2.3008,0.05949,8.3984,20.0
YanchengCai,rg,50,0.14,50,0.2,27,2.0,0,1.99,-3.1063,1,1,1,-3.16463,2.1059,0.24216,29.9731,10.0
YanchengCai,rg,50,0.14,50,0.2,27,2.0,1,1.99,-3.1063,2,2,1,-3.21605,2.2116,0.22631,29.9731,10.0
YanchengCai,rg,50,0.14,50,0.2,27,2.0,2,1.99,-3.1063,1,1,1,-3.25801,2.3003,0.20635,29.9731,10.0
YanchengCai,rg,50,0.14,50,0.2,27,2.0,3,2.3006,-3.25814,1,1,1,-3.29978,2.3909,0.19063,34.5867,10.0
YanchengCai,rg,50,0.14,50,0.2,27,2.0,4,2.3006,-3.25814,1,1,1,-3.335,2.4691,0.17254,34.5867,10.0
YanchengCai,rg,50,0.14,50,0.2,27,2.0,5,2.3006,-3.25814,1,2,0,-3.18576,2.1489,0.18583,34.5867,10.0
YanchengCai,rg,50,0.14,50,0.2,27,2.0,6,2.1624,-3.19234,2,2,1,-3.22126,2.2225,0.17363,32.5332,10.0
YanchengCai,rg,50,0.14,50,0.2,27,2.0,7,2.1624,-3.19234,1,1,1,-3.25192,2.2873,0.15993,32.5332,10.0
YanchengCai,rg,50,0.14,50,0.2,27,2.0,8,2.1624,-3.19234,2,2,1,-3.27752,2.3424,0.14627,32.5332,10.0
YanchengCai,rg,50,0.14,50,0.2,27,2.0,9,2.3406,-3.27671,1,1,1,-3.30123,2.3941,0.13715,35.1816,10.0
YanchengCai,rg,50,0.14,50,0.2,27,2.0,10,2.3406,-3.27671,1,1,1,-3.32235,2.4408,0.12831,35.1816,10.0
YanchengCai,rg,50,0.14,50,0.2,27,2.0,11,2.3406,-3.27671,1,1,1,-3.34092,2.4824,0.12011,35.1816,10.0
YanchengCai,rg,50,0.14,50,0.2,27,2.0,12,2.4631,-3.33234,1,1,1,-3.35901,2.5233,0.11471,37.0039,10.0
YanchengCai,rg,50,0.14,50,0.2,27,2.0,13,2.4631,-3.33234,2,2,1,-3.37576,2.5616,0.10941,37.0039,10.0
YanchengCai,rg,50,0.14,50,0.2,27,2.0,14,2.4631,-3.33234,2,1,0,-3.31328,2.4207,0.10767,37.0039,10.0
YanchengCai,rg,50,0.14,50,0.2,27,2.0,15,2.4172,-3.31172,2,2,1,-3.32794,2.4533,0.10222,36.3211,10.0
YanchengCai,rg,50,0.14,50,0.2,27,2.0,16,2.4172,-3.31172,1,1,1,-3.34148,2.4836,0.09736,36.3211,10.0
YanchengCai,rg,50,0.14,50,0.2,27,2.0,17,2.4172,-3.31172,1,1,1,-3.35398,2.5119,0.09306,36.3211,10.0
YanchengCai,rg,50,0.14,50,0.2,27,2.0,18,2.4982,-3.34794,1,2,0,-3.31449,2.4234,0.09198,37.5262,10.0
YanchengCai,rg,50,0.14,50,0.2,27,2.0,19,2.4982,-3.34794,2,1,0,-3.28554,2.3598,0.09552,37.5262,10.0
YanchengCai,rg,50,0.14,50,0.2,27,2.0,20,2.4982,-3.34794,2,1,0,-3.26118,2.3071,0.10123,37.5262,10.0
YanchengCai,rg,50,0.14,50,0.2,27,2.0,21,2.3229,-3.26853,1,1,1,-3.27381,2.3343,0.09342,34.9188,10.0
YanchengCai,rg,50,0.14,50,0.2,27,2.0,22,2.3229,-3.26853,1,1,1,-3.28499,2.3586,0.08647,34.9188,10.0
YanchengCai,rg,50,0.14,50,0.2,27,2.0,23,2.3229,-3.26853,2,2,1,-3.2949,2.3802,0.08042,34.9188,10.0
YanchengCai,rg,50,0.14,50,0.2,27,2.0,24,2.3861,-3.29758,2,2,1,-3.30379,2.3997,0.07582,35.858,10.0
YanchengCai,rg,50,0.14,50,0.2,27,2.0,25,2.3861,-3.29758,2,1,0,-3.27704,2.3413,0.08221,35.858,10.0
YanchengCai,rg,50,0.14,50,0.2,27,2.0,26,2.3861,-3.29758,2,2,1,-3.28598,2.3607,0.07727,35.858,10.0
YanchengCai,rg,50,0.14,50,0.2,27,2.0,27,2.3678,-3.28921,2,1,0,-3.26018,2.305,0.08501,35.5856,10.0
YanchengCai,rg,50,0.14,50,0.2,27,2.0,28,2.3678,-3.28921,2,2,1,-3.26941,2.3248,0.07953,35.5856,10.0
YanchengCai,rg,50,0.14,50,0.2,27,2.0,29,2.3678,-3.28921,2,1,0,-3.24567,2.274,0.08765,35.5856,10.0
YanchengCai,ach,120,0.9,50,0.25,27,2.0,0,1.26,-2.88376,1,1,1,-2.94695,1.3477,0.25786,23.9816,30.0
YanchengCai,ach,120,0.9,50,0.25,27,2.0,1,1.26,-2.88376,2,2,1,-3.0023,1.4275,0.24026,23.9816,30.0
YanchengCai,ach,120,0.9,50,0.25,27,2.0,2,1.26,-2.88376,2,2,1,-3.04703,1.4941,0.21829,23.9816,30.0
YanchengCai,ach,120,0.9,50,0.25,27,2.0,3,1.4929,-3.04622,1,1,1,-3.0917,1.5625,0.20124,28.2671,30.0
YanchengCai,ach,120,0.9,50,0.25,27,2.0,4,1.4929,-3.04622,2,2,1,-3.12914,1.6213,0.18164,28.2671,30.0
YanchengCai,ach,120,0.9,50,0.25,27,2.0,5,1.4929,-3.04622,2,2,1,-3.15913,1.6694,0.162,28.2671,30.0
YanchengCai,ach,120,0.9,50,0.25,27,2.0,6,1.6796,-3.16539,1,1,1,-3.18704,1.715,0.14802,31.7161,30.0
YanchengCai,ach,120,0.9,50,0.25,27,2.0,7,1.6796,-3.16539,2,2,1,-3.21097,1.7547,0.13378,31.7161,30.0
YanchengCai,ach,120,0.9,50,0.25,27,2.0,8,1.6796,-3.16539,2,2,1,-3.23096,1.7883,0.12014,31.7161,30.0
YanchengCai,ach,120,0.9,50,0.25,27,2.0,9,1.8058,-3.24125,2,1,0,-3.17886,1.7016,0.13418,34.0517,30.0
YanchengCai,ach,120,0.9,50,0.25,27,2.0,10,1.8058,-3.24125,1,1,1,-3.19813,1.7333,0.12586,34.0517,30.0
YanchengCai,ach,120,0.9,50,0.25,27,2.0,11,1.8058,-3.24125,1,2,0,-3.15258,1.6589,0.13528,34.0517,30.0
YanchengCai,ach,120,0.9,50,0.25,27,2.0,12,1.6701,-3.15953,2,2,1,-3.17308,1.6921,0.12448,31.5404,30.0
YanchengCai,ach,120,0.9,50,0.25,27,2.0,13,1.6701,-3.15953,1,1,1,-3.19111,1.7217,0.11413,31.5404,30.0
YanchengCai,ach,120,0.9,50,0.25,27,2.0,14,1.6701,-3.15953,1,1,1,-3.20677,1.7477,0.10455,31.5404,30.0
YanchengCai,ach,120,0.9,50,0.25,27,2.0,15,1.7546,-3.21092,2,2,1,-3.22054,1.7708,0.0973,33.1046,30.0
YanchengCai,ach,120,0.9,50,0.25,27,2.0,16,1.7546,-3.21092,1,1,1,-3.23291,1.7916,0.09055,33.1046,30.0
YanchengCai,ach,120,0.9,50,0.25,27,2.0,17,1.7546,-3.21092,2,1,0,-3.19296,1.7248,0.10039,33.1046,30.0
YanchengCai,ach,120,0.9,50,0.25,27,2.0,18,1.7317,-3.19715,1,1,1,-3.20577,1.746,0.09341,32.6805,30.0
YanchengCai,ach,120,0.9,50,0.25,27,2.0,19,1.7317,-3.19715,2,1,0,-3.16615,1.6808,0.10316,32.6805,30.0
YanchengCai,ach,120,0.9,50,0.25,27,2.0,20,1.7317,-3.19715,2,2,1,-3.17906,1.7019,0.09632,32.6805,30.0
YanchengCai,ach,120,0.9,50,0.25,27,2.0,21,1.7095,-3.18367,1,2,0,-3.14235,1.6424,0.10625,32.2689,30.0
YanchengCai,ach,120,0.9,50,0.25,27,2.0,22,1.7095,-3.18367,1,2,0,-3.10934,1.5901,0.11609,32.2689,30.0
YanchengCai,ach,120,0.9,50,0.25,27,2.0,23,1.7095,-3.18367,2,2,1,-3.12322,1.6119,0.10873,32.2689,30.0
YanchengCai,ach,120,0.9,50,0.25,27,2.0,24,1.6257,-3.13188,2,2,1,-3.13711,1.634,0.09983,30.7196,30.0
YanchengCai,ach,120,0.9,50,0.25,27,2.0,25,1.6257,-3.13188,1,1,1,-3.14938,1.6537,0.09181,30.7196,30.0
YanchengCai,ach,120,0.9,50,0.25,27,2.0,26,1.6257,-3.13188,1,1,1,-3.16018,1.6711,0.08475,30.7196,30.0
YanchengCai,ach,120,0.9,50,0.25,27,2.0,27,1.6782,-3.1645,1,1,1,-3.16972,1.6866,0.07927,31.6895,30.0
YanchengCai,ach,120,0.9,50,0.25,27,2.0,28,1.6782,-3.1645,2,2,1,-3.17837,1.7008,0.07444,31.6895,30.0
YanchengCai,ach,120,0.9,50,0.25,27,2.0,29,1.6782,-3.1645,1,1,1,-3.18624,1.7137,0.07022,31.6895,30.0
YanchengCai,rg,100,0.14,50,0.2,27,2.0,0,1.7,-2.9501,1,1,1,-3.00843,1.8049,0.24216,25.6749,20.0
YanchengCai,rg,100,0.14,50,0.2,27,2.0,1,1.7,-2.9501,1,1,1,-3.05984,1.9007,0.22631,25.6749,20.0
YanchengCai,rg,100,0.14,50,0.2,27,2.0,2,1.7,-2.9501,2,2,1,-3.10181,1.9812,0.20635,25.6749,20.0
YanchengCai,rg,100,0.14,50,0.2,27,2.0,3,1.9815,-3.10193,2,2,1,-3.14357,2.0636,0.19063,29.8468,20.0
YanchengCai,rg,100,0.14,50,0.2,27,2.0,4,1.9815,-3.10193,1,2,0,-2.99339,1.7775,0.19109,29.8468,20.0
YanchengCai,rg,100,0.14,50,0.2,27,2.0,5,1.9815,-3.10193,2,2,1,-3.02956,1.8439,0.18583,29.8468,20.0
YanchengCai,rg,100,0.14,50,0.2,27,2.0,6,1.8561,-3.03613,2,2,1,-3.06505,1.9106,0.17363,27.9874,20.0
YanchengCai,rg,100,0.14,50,0.2,27,2.0,7,1.8561,-3.03613,1,1,1,-3.09571,1.9694,0.15993,27.9874,20.0
YanchengCai,rg,100,0.14,50,0.2,27,2.0,8,1.8561,-3.03613,1,1,1,-3.12132,2.0194,0.14627,27.9874,20.0
YanchengCai,rg,100,0.14,50,0.2,27,2.0,9,2.0178,-3.12051,2,2,1,-3.14502,2.0665,0.13715,30.3862,20.0
YanchengCai,rg,100,0.14,50,0.2,27,2.0,10,2.0178,-3.12051,2,1,0,-3.06586,1.9121,0.14025,30.3862,20.0
YanchengCai,rg,100,0.14,50,0.2,27,2.0,11,2.0178,-3.12051,2,2,1,-3.08705,1.9527,0.13194,30.3862,20.0
YanchengCai,rg,100,0.14,50,0.2,27,2.0,12,1.9669,-3.0944,1,1,1,-3.10677,1.9909,0.12223,29.63,20.0
YanchengCai,rg,100,0.14,50,0.2,27,2.0,13,1.9669,-3.0944,1,1,1,-3.1241,2.0249,0.11328,29.63,20.0
YanchengCai,rg,100,0.14,50,0.2,27,2.0,14,1.9669,-3.0944,1,1,1,-3.13922,2.0549,0.10539,29.63,20.0
YanchengCai,rg,100,0.14,50,0.2,27,2.0,15,2.0524,-3.13799,1,2,0,-3.09505,1.9681,0.10883,30.8996,20.0
YanchengCai,rg,100,0.14,50,0.2,27,2.0,16,2.0524,-3.13799,2,2,1,-3.10883,1.9949,0.10227,30.8996,20.0
YanchengCai,rg,100,0.14,50,0.2,27,2.0,17,2.0524,-3.13799,1,1,1,-3.12158,2.0199,0.09626,30.8996,20.0
YanchengCai,rg,100,0.14,50,0.2,27,2.0,18,2.0258,-3.12455,1,1,1,-3.13344,2.0434,0.09028,30.5045,20.0
YanchengCai,rg,100,0.14,50,0.2,27,2.0,19,2.0258,-3.12455,2,2,1,-3.14419,2.0648,0.08513,30.5045,20.0
YanchengCai,rg,100,0.14,50,0.2,27,2.0,20,2.0258,-3.12455,2,1,0,-3.1081,1.9935,0.09086,30.5045,20.0
YanchengCai,rg,100,0.14,50,0.2,27,2.0,21,2.0028,-3.11288,1,1,1,-3.11877,2.0144,0.08472,30.1637,20.0
YanchengCai,rg,100,0.14,50,0.2,27,2.0,22,2.0028,-3.11288,2,2,1,-3.12837,2.0334,0.07938,30.1637,20.0
YanchengCai,rg,100,0.14,50,0.2,27,2.0,23,2.0028,-3.11288,1,1,1,-3.13706,2.0506,0.07481,30.1637,20.0
YanchengCai,rg,100,0.14,50,0.2,27,2.0,24,2.0525,-3.13802,2,2,1,-3.14503,2.0665,0.07149,30.9007,20.0
YanchengCai,rg,100,0.14,50,0.2,27,2.0,25,2.0525,-3.13802,2,2,1,-3.15249,2.0814,0.06865,30.9007,20.0
YanchengCai,rg,100,0.14,50,0.2,27,2.0,26,2.0525,-3.13802,1,1,1,-3.15949,2.0955,0.06627,30.9007,20.0
YanchengCai,rg,100,0.14,50,0.2,27,2.0,27,2.0932,-3.15834,1,1,1,-3.16617,2.109,0.06454,31.5049,20.0
YanchengCai,rg,100,0.14,50,0.2,27,2.0,28,2.0932,-3.15834,2,2,1,-3.17258,2.122,0.06312,31.5049,20.0
YanchengCai,rg,100,0.14,50,0.2,27,2.0,29,2.0932,-3.15834,2,2,1,-3.17876,2.1346,0.06196,31.5049,20.0
YanchengCai,ach,60,0.9,50,0.25,27,2.0,0,1.91,-3.3014,2,2,1,-3.36459,2.0236,0.25786,35.9828,15.0
YanchengCai,ach,60,0.9,50,0.25,27,2.0,1,1.91,-3.3014,1,1,1,-3.41995,2.1265,0.24026,35.9828,15.0
YanchengCai,ach,60,0.9,50,0.25,27,2.0,2,1.91,-3.3014,2,2,1,-3.46467,2.2121,0.21829,35.9828,15.0
YanchengCai,ach,60,0.9,50,0.25,27,2.0,3,2.2105,-3.46386,1,1,1,-3.50934,2.2998,0.20124,41.5604,15.0
YanchengCai,ach,60,0.9,50,0.25,27,2.0,4,2.2105,-3.46386,2,2,1,-3.54679,2.3751,0.18164,41.5604,15.0
YanchengCai,ach,60,0.9,50,0.25,27,2.0,5,2.2105,-3.46386,1,1,1,-3.57677,2.4364,0.162,41.5604,15.0
YanchengCai,ach,60,0.9,50,0.25,27,2.0,6,2.4494,-3.58303,2,2,1,-3.60468,2.4945,0.14802,45.9992,15.0
YanchengCai,ach,60,0.9,50,0.25,27,2.0,7,2.4494,-3.58303,1,2,0,-3.51138,2.3039,0.16316,45.9992,15.0
YanchengCai,ach,60,0.9,50,0.25,27,2.0,8,2.4494,-3.58303,2,1,0,-3.44731,2.1786,0.16762,45.9992,15.0
YanchengCai,ach,60,0.9,50,0.25,27,2.0,9,2.205,-3.461,2,2,1,-3.47624,2.2346,0.15338,41.4577,15.0
YanchengCai,ach,60,0.9,50,0.25,27,2.0,10,2.205,-3.461,1,1,1,-3.50098,2.2832,0.13905,41.4577,15.0
YanchengCai,ach,60,0.9,50,0.25,27,2.0,11,2.205,-3.461,2,2,1,-3.52168,2.3244,0.1256,41.4577,15.0
YanchengCai,ach,60,0.9,50,0.25,27,2.0,12,2.335,-3.52694,2,2,1,-3.53976,2.3608,0.11629,43.8726,15.0
YanchengCai,ach,60,0.9,50,0.25,27,2.0,13,2.335,-3.52694,1,1,1,-3.55585,2.3935,0.10768,43.8726,15.0
YanchengCai,ach,60,0.9,50,0.25,27,2.0,14,2.335,-3.52694,1,2,0,-3.5022,2.2857,0.11831,43.8726,15.0
YanchengCai,ach,60,0.9,50,0.25,27,2.0,15,2.3006,-3.50972,1,1,1,-3.51835,2.3178,0.10895,43.2334,15.0
YanchengCai,ach,60,0.9,50,0.25,27,2.0,16,2.3006,-3.50972,1,1,1,-3.53263,2.3464,0.10046,43.2334,15.0
YanchengCai,ach,60,0.9,50,0.25,27,2.0,17,2.3006,-3.50972,2,2,1,-3.54521,2.3719,0.09298,43.2334,15.0
YanchengCai,ach,60,0.9,50,0.25,27,2.0,18,2.3759,-3.54722,2,2,1,-3.55649,2.3948,0.08755,44.634,15.0
YanchengCai,ach,60,0.9,50,0.25,27,2.0,19,2.3759,-3.54722,2,1,0,-3.52278,2.3266,0.09398,44.634,15.0
YanchengCai,ach,60,0.9,50,0.25,27,2.0,20,2.3759,-3.54722,2,2,1,-3.53377,2.3487,0.0882,44.634,15.0
YanchengCai,ach,60,0.9,50,0.25,27,2.0,21,2.3552,-3.53699,2,2,1,-3.54398,2.3694,0.08277,44.2487,15.0
YanchengCai,ach,60,0.9,50,0.25,27,2.0,22,2.3552,-3.53699,1,1,1,-3.55331,2.3883,0.07801,44.2487,15.0
YanchengCai,ach,60,0.9,50,0.25,27,2.0,23,2.3552,-3.53699,1,1,1,-3.56185,2.4058,0.07388,44.2487,15.0
YanchengCai,ach,60,0.9,50,0.25,27,2.0,24,2.4071,-3.56252,2,2,1,-3.56975,2.422,0.07063,45.214,15.0
YanchengCai,ach,60,0.9,50,0.25,27,2.0,25,2.4071,-3.56252,1,1,1,-3.57713,2.4372,0.0678,45.214,15.0
YanchengCai,ach,60,0.9,50,0.25,27,2.0,26,2.4071,-3.56252,1,2,0,-3.55326,2.3882,0.07068,45.214,15.0
YanchengCai,ach,60,0.9,50,0.25,27,2.0,27,2.391,-3.55465,2,1,0,-3.53037,2.3419,0.07569,44.9148,15.0
YanchengCai,ach,60,0.9,50,0.25,27,2.0,28,2.391,-3.55465,1,2,0,-3.50902,2.2992,0.082,44.9148,15.0
YanchengCai,ach,60,0.9,50,0.25,27,2.0,29,2.391,-3.55465,1,1,1,-3.51744,2.316,0.07727,44.9148,15.0
